timestamp,event,asset,window,direction,price,pnl,cumulative,cl_open,cl_close
2026-03-08T20:55:03+00:00,WIN,BTC,5m,DOWN,0.85,0.88,0.88,67357.91,2026-03-08T20:55:03+00:000
2026-03-08T21:10:03+00:00,WIN,BTC,5m,DOWN,0.89,0.62,1.5,67221.78,2026-03-08T21:10:03+00:000
2026-03-08T21:15:03+00:00,WIN,SOL,5m,DOWN,0.965,0.18,1.68,81.96,2026-03-08T21:15:03+00:000
2026-03-08T21:15:03+00:00,WIN,BTC,5m,DOWN,0.985,0.08,1.76,66922.77,2026-03-08T21:15:03+00:000
2026-03-08T21:20:03+00:00,WIN,BTC,5m,UP,0.91,0.49,2.25,66776.08,2026-03-08T21:20:03+00:000
2026-03-08T21:35:03+00:00,LOSS,BTC,5m,UP,0.935,-5,-2.75,66930.13,2026-03-08T21:35:03+00:000
2026-03-08T21:45:03+00:00,WIN,ETH,5m,UP,0.94,0.32,-2.43,1952.4,2026-03-08T21:45:03+00:000
2026-03-08T22:20:03+00:00,WIN,ETH,5m,DOWN,0.95,0.26,-2.17,1930.57,2026-03-08T22:20:03+00:000
2026-03-08T22:20:03+00:00,WIN,BTC,5m,DOWN,0.96,0.21,-1.96,66069.59,2026-03-08T22:20:03+00:000
2026-03-08T22:20:03+00:00,WIN,XRP,5m,DOWN,0.97,0.15,-1.8,1.33,2026-03-08T22:20:03+00:000
2026-03-08T22:25:03+00:00,WIN,ETH,5m,DOWN,0.94,0.32,-1.48,1925.68,2026-03-08T22:25:03+00:000
2026-03-08T22:25:03+00:00,WIN,BTC,5m,DOWN,0.89,0.62,-0.87,65773.58,2026-03-08T22:25:03+00:000
2026-03-08T22:35:04+00:00,WIN,SOL,5m,UP,0.86,0.81,-0.05,81.3,2026-03-08T22:35:04+00:000
2026-03-08T22:35:04+00:00,WIN,ETH,5m,UP,0.87,0.75,0.7,1929.65,2026-03-08T22:35:04+00:000
2026-03-08T22:35:04+00:00,WIN,BTC,5m,UP,0.89,0.62,1.31,65914.63,2026-03-08T22:35:04+00:000
2026-03-08T22:39:42+00:00 srv1279687 cl-sniper[2580427]: 2026-03-08T22:39:42.234575Z  INFO [SL] DOWN BTC bid=0.330 <= 0.425(50% of 0.850) recovery=0.325,,,,,,,,,
2026-03-08T22:40:03+00:00,SL,BTC,5m,DOWN,0.85,-3.09,-1.77,66059.77,2026-03-08T22:40:03+00:000
2026-03-08T22:40:03+00:00,WIN,ETH,5m,UP,0.85,0.88,-0.89,1935.02,2026-03-08T22:40:03+00:000
2026-03-08T22:45:03+00:00,WIN,SOL,5m,UP,0.93,0.38,-0.52,81.65,2026-03-08T22:45:03+00:000
2026-03-08T22:45:03+00:00,WIN,BTC,15m,UP,0.97,0.15,-0.36,65914.63,2026-03-08T22:45:03+00:000
2026-03-08T22:55:03+00:00,WIN,SOL,5m,DOWN,0.89,0.62,0.26,82.3,2026-03-08T22:55:03+00:000
2026-03-08T23:05:03+00:00,WIN,XRP,5m,UP,0.97,0.15,0.41,1.35,2026-03-08T23:05:03+00:000
2026-03-08T23:05:03+00:00,WIN,SOL,5m,UP,0.97,0.15,0.57,81.99,2026-03-08T23:05:03+00:000
2026-03-08T23:05:03+00:00,WIN,ETH,5m,UP,0.97,0.15,0.72,1943.14,2026-03-08T23:05:03+00:000
2026-03-08T23:05:03+00:00,WIN,BTC,5m,UP,0.94,0.32,1.04,66239.62,2026-03-08T23:05:03+00:000
2026-03-08T23:10:03+00:00,WIN,ETH,5m,DOWN,0.95,0.26,1.3,1950.12,2026-03-08T23:10:03+00:000
2026-03-08T23:10:03+00:00,WIN,SOL,5m,DOWN,0.97,0.15,1.46,82.34,2026-03-08T23:10:03+00:000
2026-03-08T23:15:03+00:00,WIN,BTC,5m,UP,0.88,0.68,2.14,66236.85,2026-03-08T23:15:03+00:000
2026-03-08T23:15:03+00:00,WIN,ETH,5m,UP,0.88,0.68,2.82,1945.86,2026-03-08T23:15:03+00:000
2026-03-08T23:25:03+00:00,WIN,SOL,5m,UP,0.97,0.15,2.98,82.06,2026-03-08T23:25:03+00:000
2026-03-08T23:30:03+00:00,WIN,BTC,5m,DOWN,0.95,0.26,3.24,66525.02,2026-03-08T23:30:03+00:000
2026-03-08T23:30:03+00:00,WIN,ETH,5m,DOWN,0.95,0.26,3.5,1952.99,2026-03-08T23:30:03+00:000
2026-03-08T23:30:03+00:00,WIN,SOL,5m,DOWN,0.95,0.26,3.77,82.23,2026-03-08T23:30:03+00:000
2026-03-08T23:45:03+00:00,WIN,BTC,5m,DOWN,0.93,0.38,4.14,66242.04,2026-03-08T23:45:03+00:000
2026-03-08T23:55:03+00:00,WIN,ETH,5m,DOWN,0.96,0.21,4.35,1941.12,2026-03-08T23:55:03+00:000
2026-03-08T23:55:03+00:00,WIN,BTC,5m,DOWN,0.97,0.15,4.5,66134.87,2026-03-08T23:55:03+00:000
2026-03-08T23:55:03+00:00,WIN,SOL,5m,DOWN,0.96,0.21,4.71,81.75,2026-03-08T23:55:03+00:000
2026-03-09T00:00:03+00:00,WIN,BTC,5m,DOWN,0.94,0.32,5.03,66039.24,2026-03-09T00:00:03+00:000
2026-03-09T00:00:03+00:00,WIN,ETH,5m,DOWN,0.96,0.21,5.24,1939.11,2026-03-09T00:00:03+00:000
2026-03-09T00:00:03+00:00,WIN,SOL,5m,DOWN,0.96,0.21,5.45,81.64,2026-03-09T00:00:03+00:000
2026-03-09T00:05:03+00:00,WIN,BTC,5m,UP,0.95,0.26,5.71,65972.12,2026-03-09T00:05:03+00:000
2026-03-09T00:20:03+00:00,WIN,ETH,5m,DOWN,0.955,0.24,5.95,1946.6,2026-03-09T00:20:03+00:000
2026-03-09T00:25:03+00:00,WIN,ETH,5m,DOWN,0.97,0.15,6.1,1942.54,2026-03-09T00:25:03+00:000
2026-03-09T00:25:03+00:00,WIN,SOL,5m,DOWN,0.91,0.49,6.6,82.26,2026-03-09T00:25:03+00:000
2026-03-09T00:25:03+00:00,WIN,BTC,5m,DOWN,0.97,0.15,6.75,66240.19,2026-03-09T00:25:03+00:000
2026-03-09T00:30:03+00:00,WIN,SOL,5m,UP,0.97,0.15,6.91,81.82,2026-03-09T00:30:03+00:000
2026-03-09T00:30:03+00:00,WIN,BTC,5m,UP,0.91,0.49,7.4,65976.31,2026-03-09T00:30:03+00:000
2026-03-09T00:30:03+00:00,WIN,ETH,5m,UP,0.96,0.21,7.61,1933.67,2026-03-09T00:30:03+00:000
2026-03-09T00:40:03+00:00,WIN,BTC,5m,UP,0.95,0.26,7.87,66399.57,2026-03-09T00:40:03+00:000
2026-03-09T00:45:03+00:00,WIN,ETH,5m,DOWN,0.97,0.15,8.03,1957.72,2026-03-09T00:45:03+00:000
2026-03-09T00:55:03+00:00,WIN,ETH,5m,DOWN,0.95,0.26,8.29,1952.97,2026-03-09T00:55:03+00:000
2026-03-09T01:00:03+00:00,WIN,BTC,5m,UP,0.93,0.38,8.67,66321.75,2026-03-09T01:00:03+00:000
2026-03-09T01:00:03+00:00,WIN,ETH,5m,UP,0.96,0.21,8.87,1948.36,2026-03-09T01:00:03+00:000
2026-03-09T01:05:03+00:00,WIN,SOL,5m,DOWN,0.96,0.21,9.08,82.34,2026-03-09T01:05:03+00:000
2026-03-09T01:05:03+00:00,WIN,BTC,5m,DOWN,0.89,0.62,9.7,66365.63,2026-03-09T01:05:03+00:000
2026-03-09T01:10:03+00:00,WIN,BTC,5m,DOWN,0.86,0.81,10.51,66246.32,2026-03-09T01:10:03+00:000
2026-03-09T01:10:03+00:00,WIN,ETH,5m,DOWN,0.87,0.75,11.26,1948.07,2026-03-09T01:10:03+00:000
2026-03-09T01:15:04+00:00,WIN,BTC,5m,UP,0.9,0.56,11.82,66235.41,2026-03-09T01:15:04+00:000
2026-03-09T01:20:03+00:00,WIN,ETH,5m,UP,0.97,0.15,11.97,1949.57,2026-03-09T01:20:03+00:000
2026-03-09T01:24:35+00:00 srv1279687 cl-sniper[2580427]: 2026-03-09T01:24:35.850720Z  INFO [SL] DOWN ETH bid=0.270 <= 0.460(50% of 0.920) recovery=0.265,,,,,,,,,
2026-03-09T01:25:03+00:00,SL,ETH,5m,DOWN,0.92,-3.56,8.41,1951.82,2026-03-09T01:25:03+00:000
2026-03-09T01:30:03+00:00,WIN,SOL,5m,DOWN,0.93,0.38,8.79,82.74,2026-03-09T01:30:03+00:000
2026-03-09T01:35:03+00:00,WIN,SOL,5m,UP,0.96,0.21,9,82.55,2026-03-09T01:35:03+00:000
2026-03-09T01:40:03+00:00,WIN,ETH,5m,DOWN,0.85,0.88,9.88,1959.96,2026-03-09T01:40:03+00:000
2026-03-09T01:40:03+00:00,WIN,SOL,5m,DOWN,0.95,0.26,10.14,82.72,2026-03-09T01:40:03+00:000
2026-03-09T01:50:03+00:00,WIN,ETH,5m,DOWN,0.96,0.21,10.35,1958.48,2026-03-09T01:50:03+00:000
2026-03-09T01:50:03+00:00,WIN,SOL,5m,DOWN,0.97,0.15,10.51,82.7,2026-03-09T01:50:03+00:000
2026-03-09T02:10:03+00:00,WIN,BTC,5m,UP,0.96,0.21,10.71,66179.97,2026-03-09T02:10:03+00:000
2026-03-09T02:10:03+00:00,WIN,SOL,5m,UP,0.97,0.15,10.87,82.04,2026-03-09T02:10:03+00:000
2026-03-09T02:15:03+00:00,WIN,ETH,5m,DOWN,0.97,0.15,11.02,1948.39,2026-03-09T02:15:03+00:000
2026-03-09T02:15:03+00:00,WIN,BTC,5m,DOWN,0.94,0.32,11.34,66227.31,2026-03-09T02:15:03+00:000
2026-03-09T02:25:03+00:00,WIN,ETH,5m,UP,0.97,0.15,11.5,1940.8,2026-03-09T02:25:03+00:000
2026-03-09T02:25:03+00:00,WIN,BTC,5m,UP,0.96,0.21,11.71,66027.63,2026-03-09T02:25:03+00:000
2026-03-09T02:35:03+00:00,WIN,BTC,5m,UP,0.96,0.21,11.91,66115.38,2026-03-09T02:35:03+00:000
2026-03-09T02:35:03+00:00,WIN,SOL,5m,UP,0.96,0.21,12.12,81.92,2026-03-09T02:35:03+00:000
2026-03-09T02:55:03+00:00,WIN,ETH,5m,UP,0.96,0.21,12.33,1959.71,2026-03-09T02:55:03+00:000
2026-03-09T03:20:03+00:00,WIN,BTC,5m,UP,0.89,0.62,12.95,67445.4,2026-03-09T03:20:03+00:000
2026-03-09T03:30:03+00:00,WIN,ETH,5m,UP,0.91,0.49,13.44,1980.88,2026-03-09T03:30:03+00:000
2026-03-09T03:30:03+00:00,WIN,BTC,5m,UP,0.945,0.29,13.73,67139.67,2026-03-09T03:30:03+00:000
2026-03-09T03:55:04+00:00,WIN,SOL,5m,DOWN,0.92,0.43,14.17,83.11,2026-03-09T03:55:04+00:000
2026-03-09T03:55:04+00:00,WIN,ETH,5m,DOWN,0.95,0.26,14.43,1976.61,2026-03-09T03:55:04+00:000
2026-03-09T03:55:04+00:00,WIN,BTC,5m,DOWN,0.89,0.62,15.05,67134.62,2026-03-09T03:55:04+00:000
2026-03-09T04:00:03+00:00,WIN,ETH,5m,UP,0.97,0.15,15.2,1973.54,2026-03-09T04:00:03+00:000
2026-03-09T04:00:03+00:00,WIN,SOL,5m,UP,0.97,0.15,15.36,82.99,2026-03-09T04:00:03+00:000
2026-03-09T04:05:03+00:00,WIN,SOL,5m,UP,0.96,0.21,15.57,83.15,2026-03-09T04:05:03+00:000
2026-03-09T04:35:03+00:00,WIN,BTC,5m,DOWN,0.94,0.32,15.89,67570.56,2026-03-09T04:35:03+00:000
2026-03-09T04:55:03+00:00,WIN,BTC,5m,DOWN,0.94,0.32,16.21,67453.77,2026-03-09T04:55:03+00:000
2026-03-09T05:00:03+00:00,WIN,ETH,5m,DOWN,0.96,0.21,16.41,1981.03,2026-03-09T05:00:03+00:000
2026-03-09T05:05:03+00:00,WIN,ETH,5m,UP,0.96,0.21,16.62,1976.99,2026-03-09T05:05:03+00:000
2026-03-09T05:05:03+00:00,WIN,BTC,5m,UP,0.975,0.13,16.75,67128.97,2026-03-09T05:05:03+00:000
2026-03-09T05:30:03+00:00,WIN,BTC,5m,UP,0.97,0.15,16.91,67293.78,2026-03-09T05:30:03+00:000
2026-03-09T05:40:03+00:00,WIN,BTC,5m,DOWN,0.94,0.32,17.22,67593.18,2026-03-09T05:40:03+00:000
2026-03-09T06:05:03+00:00,WIN,ETH,5m,DOWN,0.94,0.32,17.54,2010.33,2026-03-09T06:05:03+00:000
2026-03-09T06:10:03+00:00,WIN,SOL,5m,DOWN,0.97,0.15,17.7,84.16,2026-03-09T06:10:03+00:000
2026-03-09T06:15:03+00:00,WIN,ETH,5m,UP,0.95,0.26,17.96,2004.49,2026-03-09T06:15:03+00:000
2026-03-09T06:30:03+00:00,WIN,BTC,5m,DOWN,0.94,0.32,18.28,67562.08,2026-03-09T06:30:03+00:000
2026-03-09T06:40:03+00:00,WIN,BTC,5m,DOWN,0.97,0.15,18.44,67462.62,2026-03-09T06:40:03+00:000
2026-03-09T06:40:03+00:00,WIN,ETH,5m,DOWN,0.97,0.15,18.59,1997.13,2026-03-09T06:40:03+00:000
2026-03-09T06:40:03+00:00,WIN,SOL,5m,DOWN,0.97,0.15,18.74,83.65,2026-03-09T06:40:03+00:000
2026-03-09T06:45:03+00:00,WIN,ETH,5m,DOWN,0.96,0.21,18.95,1993.24,2026-03-09T06:45:03+00:000
2026-03-09T06:45:03+00:00,WIN,SOL,5m,DOWN,0.96,0.21,19.16,83.51,2026-03-09T06:45:03+00:000
2026-03-09T07:10:03+00:00,WIN,ETH,5m,DOWN,0.97,0.15,19.32,1979.84,2026-03-09T07:10:03+00:000
2026-03-09T07:15:03+00:00,WIN,ETH,5m,DOWN,0.96,0.21,19.52,1977.52,2026-03-09T07:15:03+00:000
2026-03-09T07:30:03+00:00,WIN,SOL,5m,UP,0.96,0.21,19.73,82.82,2026-03-09T07:30:03+00:000
2026-03-09T07:35:03+00:00,WIN,BTC,5m,UP,0.96,0.21,19.94,67194.59,2026-03-09T07:35:03+00:000
2026-03-09T07:35:03+00:00,WIN,SOL,5m,UP,0.97,0.15,20.1,82.91,2026-03-09T07:35:03+00:000
2026-03-09T07:45:03+00:00,WIN,ETH,5m,UP,0.92,0.43,20.53,1979.3,2026-03-09T07:45:03+00:000
2026-03-09T07:55:03+00:00,WIN,SOL,5m,DOWN,0.93,0.38,20.91,83.23,2026-03-09T07:55:03+00:000
2026-03-09T08:05:03+00:00,WIN,SOL,5m,DOWN,0.93,0.38,21.28,83.15,2026-03-09T08:05:03+00:000
2026-03-09T08:30:03+00:00,WIN,SOL,5m,UP,0.97,0.15,21.44,83.62,2026-03-09T08:30:03+00:000
